<?xml version="1.0" encoding="UTF-8"?>
<!DOCTYPE tiles-definitions PUBLIC "-//Apache Software Foundation//DTD Tiles Configuration 3.0//EN" "http://tiles.apache.org/dtds/tiles-config_3_0.dtd" >
<tiles-definitions>
  <definition name="parent" template="/WEB-INF/views/template.jsp" preparer="commonViewPreparer">
  	<put-attribute name="preScript" value="/includee/preScript.jsp" />
  	<put-attribute name="headerMenu" value="/includee/headerMenu.jsp" />
  	<put-attribute name="leftMenu" value="/includee/leftMenu.jsp" />
  	<put-attribute name="footer" value="/includee/footer.jsp" />
  	<put-attribute name="postScript" value="/includee/postScript.jsp" />
  </definition>
  <definition name="index" extends="parent">
  	<put-attribute name="content" value="/WEB-INF/views/index.jsp"/>
  </definition>
  <definition name="etc/*" extends="parent">
  	<put-attribute name="content" value="/WEB-INF/views/etc/{1}.jsp"/>
  </definition>
  <definition name="file/*" extends="parent">
  	<put-attribute name="content" value="/WEB-INF/views/file/{1}.jsp"/>
  </definition>
  <definition name="uiplugin/*" extends="parent">
  	<put-attribute name="content" value="/WEB-INF/views/uiplugin/{1}.jsp"/>
  </definition>
  <definition name="realtime/*" extends="parent">
  	<put-attribute name="content" value="/WEB-INF/views/realtime/{1}.jsp"/>
  </definition>
  <definition name="scheduling/*" extends="parent">
  	<put-attribute name="content" value="/WEB-INF/views/scheduling/{1}.jsp"/>
  </definition>
</tiles-definitions>
