<?xml version="1.0" encoding="UTF-8"?>
<!DOCTYPE mapper PUBLIC "-//mybatis.org//DTD Mapper 3.0//EN" "http://mybatis.org/dtd/mybatis-3-mapper.dtd">
<mapper namespace="kr.or.ddit.uiplugin.dao.BuyerDAO">
	
	<select id="selectTotalRecord" resultType="int">
		SELECT COUNT(*)
		FROM BUYER
	</select>

	<resultMap type="BuyerVO" id="buyerMap" autoMapping="true">
		<id property="buyerId" column="BUYER_ID"/>
		<collection property="prodList" ofType="ProdVO" autoMapping="true" />
	</resultMap>
	<select id="selectBuyerList" resultMap="buyerMap" parameterType="PagingVO">
		WITH BUYERVIEW AS (
			SELECT A.*, ROWNUM RNUM
			FROM (
				SELECT BUYER_ID, BUYER_NAME, BUYER_LGU,         
					        BUYER_ADD1, BUYER_COMTEL, BUYER_MAIL, 
					        BUYER_CHARGER
					        , (SELECT COUNT(*) FROM PROD WHERE BUYER_ID = PROD_BUYER) PROD_COUNT
					FROM BUYER
				ORDER BY PROD_COUNT DESC
			) A
		)
		SELECT BUYERVIEW.*
		        , PROD_ID, PROD_NAME, PROD_COST, PROD_PRICE
		FROM BUYERVIEW LEFT OUTER JOIN PROD ON (BUYER_ID = PROD_BUYER)
		<where>
			<if test="_parameter neq null and startRow gt 0">
				RNUM BETWEEN #{startRow} AND #{endRow} 
			</if>
		</where>
	</select>
</mapper>