<?xml version="1.0" encoding="UTF-8"?>
<!DOCTYPE mapper PUBLIC "-//mybatis.org//DTD Mapper 3.0//EN" "http://mybatis.org/dtd/mybatis-3-mapper.dtd">
<mapper namespace="kr.or.ddit.uiplugin.dao.OthersDAO">
	<select id="selectLprodList" resultType="hashmap">
		SELECT LPROD_GU "lprodGu", LPROD_NM "lprodNm"
		FROM LPROD
		ORDER BY 1
	</select>
	<select id="selectBuyerList" parameterType="string" resultType="BuyerVO">
		SELECT BUYER_NAME, BUYER_ID, BUYER_LGU
		FROM BUYER
		<where>
			<if test="@org.apache.commons.lang3.StringUtils@isNotBlank(buyerLgu)">
				BUYER_LGU = #{buyerLgu}
			</if>
		</where>
		ORDER BY 2
	</select>
</mapper>