<?xml version="1.0" encoding="UTF-8"?>
<b:beans 
	xmlns="http://www.springframework.org/schema/security"
	xmlns:xsi="http://www.w3.org/2001/XMLSchema-instance"
	xmlns:b="http://www.springframework.org/schema/beans"
	xmlns:c="http://www.springframework.org/schema/c"
	xmlns:p="http://www.springframework.org/schema/p"
	xsi:schemaLocation="http://www.springframework.org/schema/security http://www.springframework.org/schema/security/spring-security-4.2.xsd
		http://www.springframework.org/schema/beans http://www.springframework.org/schema/beans/spring-beans.xsd">

<!--  = PasswordEncoderFactories.createDelegatingPasswordEncoder(); -->

	<b:bean id="passwordEncoder" class="org.springframework.security.crypto.factory.PasswordEncoderFactories" 
		factory-method="createDelegatingPasswordEncoder"
	/>
	<authentication-manager>
		<authentication-provider>
			<user-service>
				<user name="a001" authorities="ROLE_USER" password="{bcrypt}$2a$10$aZG5g8rFObsI6LFmEOf5gOvJJZ60TAgo8VcBW5E15vF8zThLD939O"/>
				<user name="b001" authorities="ROLE_USER" password="{bcrypt}$2a$10$aZG5g8rFObsI6LFmEOf5gOvJJZ60TAgo8VcBW5E15vF8zThLD939O"/>
				<user name="c001" authorities="ROLE_ADMIN" password="{bcrypt}$2a$10$aZG5g8rFObsI6LFmEOf5gOvJJZ60TAgo8VcBW5E15vF8zThLD939O"/>
			</user-service>
			<password-encoder ref="passwordEncoder" />
		</authentication-provider>
	</authentication-manager>
	
	<http auto-config="true">
		<intercept-url pattern="/**" access="permitAll"/>
		<session-management >
			<concurrency-control max-sessions="1" />
		</session-management>
	</http>
</b:beans>

